Sessions;Correct;Incorrect;NoResponse
1;0.5;0.2;0.3
2;0.1;0.32;0.58
3;0.5;0.3;0.2
4;0.4;0.5;0.1
5;0.14285714285714285;0.7571428571428571;0.1
6;0;0;0
7;0;0;0
8;0;0;0
9;0.0;1.0;0.0
10;0.0;1.0;0.0
11;0.23076923076923078;0.7692307692307693;0.0
12;1.0;0.2;0.0
